"StopName","InDegree","OutDegree","TotalDegree","InCloseness","OutCloseness","Betweenness","Eigenvector","PageRank"
"police_training_school",1,1,2,0.123109640831758,1,0.00160076197499001,0.00035991133727565,0.00121011229354042
"khayaban-e-shanshee",1,1,2,0.121127416724901,1,0.00159768949519157,0.000617928698075328,0.00126955982527683
"society_hospital",1,1,2,0.140883229477106,1,0.00159768949519157,0.0158991338605339,0.000827203927599445
"moach_mor",1,1,2,0.14012395580706,1,0.00159768949519157,0.00185766873796094,0.0010592687137497
"younusabad",1,1,2,0.121523720495443,1,0.00159768949519157,0.00356908025455549,0.00119956242369024
