"StopName","InDegree","OutDegree","TotalDegree","InCloseness","OutCloseness","Betweenness","Eigenvector","PageRank"
"NIPA_chowrangi",15,16,31,0.169885433715221,0.181752614496935,0.0932096355373674,1,0.00999976912389884
"purani_sabzi_mandi",7,10,17,0.168287937743191,0.183941605839416,0.0525122933279257,0.654529288864176,0.00348043896828101
"university_road",7,5,12,0.159839852171235,0.160407383831954,0.0303804158841882,0.549033648812307,0.00370593874473803
"hassan_square",6,9,15,0.166026871401152,0.177527298344487,0.04362410138166,0.514610557342458,0.00367876448415373
"numaish",10,10,20,0.182041388986321,0.177277523742526,0.0596788789227191,0.469115862801391,0.00680015143165464
