"StopName","InDegree","OutDegree","TotalDegree","InCloseness","OutCloseness","Betweenness","Eigenvector","PageRank"
"jinnah_hospital",6,9,15,0.173346693386774,0.171486900306227,0.113709000379139,0.107092237675662,0.00626803887985309
"tower",14,11,25,0.172196416721964,0.168112074716478,0.109998783789533,0.252887993643958,0.0121376747012272
"m.a_Jinnah_road",11,9,20,0.188248095756257,0.175793512382281,0.106501557780073,0.434827288528124,0.00836847724808109
"labour_square",5,5,10,0.17504215851602,0.169639851901717,0.106234512607704,0.024842236889971,0.00409665653223355
"Saddar",9,10,19,0.182746478873239,0.177028451001054,0.0978400903887546,0.355659553065134,0.00804719946838553
