"StopName","InDegree","OutDegree","TotalDegree","InCloseness","OutCloseness","Betweenness","Eigenvector","PageRank"
"tower",14,11,25,0.172196416721964,0.168112074716478,0.109998783789533,0.252887993643958,0.0121376747012272
"NIPA_chowrangi",15,16,31,0.169885433715221,0.181752614496935,0.0932096355373674,1,0.00999976912389884
"m.a_Jinnah_road",11,9,20,0.188248095756257,0.175793512382281,0.106501557780073,0.434827288528124,0.00836847724808109
"Saddar",9,10,19,0.182746478873239,0.177028451001054,0.0978400903887546,0.355659553065134,0.00804719946838553
"petrol_pump",11,7,18,0.164814226738647,0.179359430604982,0.0830245982034562,0.0681484647662495,0.00735478377370119
