"StopName","InDegree","OutDegree","TotalDegree","InCloseness","OutCloseness","Betweenness","Eigenvector","PageRank"
"NIPA_chowrangi",15,16,31,0.169885433715221,0.181752614496935,0.0932096355373674,1,0.00999976912389884
"sohrab_goth",10,11,21,0.157034795763994,0.173733195449845,0.0832487601659404,0.320111642108477,0.00539131486535194
"tower",14,11,25,0.172196416721964,0.168112074716478,0.109998783789533,0.252887993643958,0.0121376747012272
"numaish",10,10,20,0.182041388986321,0.177277523742526,0.0596788789227191,0.469115862801391,0.00680015143165464
"purani_sabzi_mandi",7,10,17,0.168287937743191,0.183941605839416,0.0525122933279257,0.654529288864176,0.00348043896828101
